,comment_text,label,party
0,ğŸ˜’,0,libdems
1,ğŸ§¡,2,libdems
2,ğŸ’©,0,libdems
3,ğŸ”¶ğŸŸ¡ğŸŸ¡ğŸŸ¡,0,libdems
4,ğŸ¤«,0,libdems
5,â¬‡ï¸â¬‡ï¸â¬‡ï¸â¬‡ï¸,2,libdems
6,ğŸ‘ğŸ’šâ™¥ï¸ğŸ’›,2,libdems
7,ğŸ˜©,0,libdems
8,ğŸ’©ğŸ’°ğŸ’°,0,libdems
9,âŒâŒâŒâŒâŒâŒâŒ,0,libdems
10,ğŸ¤¬ğŸ˜¡ğŸ¤¬ğŸ˜¡,0,libdems
11,ğŸ˜€ğŸ˜€ğŸ˜€ğŸ˜€,0,libdems
12,ğŸ¥´,0,libdems
13,ğŸ¤·ğŸ»â€â™€ï¸,1,libdems
14,ğŸ¤£ğŸ˜‚ğŸ¤£ğŸ˜‚ğŸ‡¬ğŸ‡§ğŸ‡¬ğŸ‡§ğŸ‡¬ğŸ‡§ğŸ‡¬ğŸ‡§ğŸ‡¬ğŸ‡§ğŸ‡¬ğŸ‡§,1,libdems
15,ğŸ”¶ğŸŸ¡ğŸŸ¡ğŸŸ¡ğŸŸ¡,0,libdems
16,ğŸ˜‚ğŸ¤£ğŸ˜‚ğŸ˜‚ğŸ¤£ğŸ‘ğŸ«¡ğŸ‡¬ğŸ‡§,0,libdems
17,ğŸ˜‚ğŸ¤£,0,libdems
18,ğŸ‘,0,libdems
19,ğŸ¤ ,0,libdems
20,ğŸ‘ğŸ½,0,libdems
21,ğŸ‘,2,labour
22,ğŸ’”,1,labour
23,ğŸ¤¬,0,labour
24,ğŸ’¯,1,labour
25,ğŸ™ğŸ™ğŸ™,2,labour
26,ğŸª„,0,labour
27,ğŸ’š,1,labour
28,ğŸ¤”,1,labour
29,ğŸ‘‡ğŸ‘‡ğŸ‘‡ğŸ‘‡ğŸ‘‡,1,labour
30,ğŸ˜ğŸ‘,0,labour
31,â–ªï¸,0,labour
32,ğŸŒ¹ğŸŒ¹ğŸŒ¹ğŸŒ¹,2,labour
33,ğŸ‚ğŸ’©,0,labour
34,ğŸ¤”,1,labour
35,ğŸª„,0,labour
36,ğŸ¤”,1,labour
37,ğŸ‘ğŸ‘ğŸ‘ğŸ‘ğŸ‘ğŸ‘ğŸ‘,2,labour
38,ğŸ¤¨,0,labour
39,ğŸ˜ª,0,labour
40,ğŸ’©,0,labour
41,ğŸ˜­,0,labour
42,ğŸ™ğŸ™ğŸ™,2,labour
43,ğŸ™ğŸ’”,2,labour
44,ğŸ˜”,1,labour
45,ğŸ˜‰,2,conservatives
46,ğŸ˜‚,0,conservatives
47,ğŸ‡¬ğŸ‡§ğŸ‡¬ğŸ‡§ğŸ‡¬ğŸ‡§ğŸ˜¡,0,conservatives
48,ğŸ¤”,0,conservatives
49,ğŸŒ,0,conservatives
50,ğŸ’™ğŸ’™ğŸ‡¬ğŸ‡§ğŸ’ª,2,conservatives
51,ğŸ˜‚,0,conservatives
52,ğŸ™‚,0,conservatives
53,ğŸ˜‚ğŸ˜‚,1,conservatives
54,ğŸ˜¡,0,conservatives
55,ğŸ‘,2,conservatives
56,ğŸ¤¦â€â™€ï¸,0,conservatives
57,ğŸ™„,0,conservatives
58,ğŸ™„,0,conservatives
59,ğŸ™,2,conservatives
60,â˜¦,1,conservatives
61,ğŸ£,2,conservatives
62,ğŸ°ğŸ£âœï¸,1,conservatives
63,ğŸ™„,0,conservatives
64,ğŸ˜’,0,conservatives
65,ğŸ©,0,conservatives
66,ğŸ™,2,conservatives
67,ğŸ™,2,conservatives
68,ğŸ˜‚,0,conservatives
69,ğŸ¤·â€â™€ï¸,0,conservatives
70,ğŸ˜‰,2,labour
71,ğŸ˜‚,0,conservatives
72,ğŸ˜ˆ,0,conservatives
73,ğŸ˜­ğŸ˜­,0,labour
74,ğŸ¤”,0,conservatives
75,ğŸ¤”,0,conservatives
76,ğŸ™„,1,labour
77,â˜ï¸,1,labour
78,ğŸ¤·,1,conservatives
79,ğŸ¤ªğŸ§ğŸ¤”ğŸ’©,0,labour
80,ğŸ˜‚,0,conservatives
81,ğŸ¤”,1,conservatives
82,ğŸ˜Š,2,labour
83,ğŸ¤”ğŸ™„,0,conservatives
84,ğŸ¤·â€â™€ï¸,1,labour
85,ğŸ‘âœ”ï¸,2,labour
86,ğŸ˜¡,0,conservatives
87,ğŸ¤”ğŸ˜”,0,labour
88,â¤ï¸ğŸ™,2,conservatives
89,ğŸ˜‚,0,conservatives
90,ğŸ‘§ğŸ˜ğŸ™ŒğŸ’–â¤ï¸ğŸ™,2,labour
91,ğŸ‘,0,conservatives
92,ğŸ™‰ğŸ™‰ğŸ™ˆğŸ™Š,0,conservatives
93,ğŸ˜„ğŸ˜„,0,conservatives
94,ğŸ¤¬,0,conservatives
95,ğŸ™„,0,conservatives
96,ğŸ’,2,labour
97,ğŸ¤£ğŸ‘,0,conservatives
98,ğŸ¤£ğŸ¤£,0,labour
99,ğŸ”¶ğŸŸ¡ğŸŸ¡ğŸŸ¡ğŸŸ¡,1,libdems
100,ğŸ™ğŸ™,2,conservatives
101,ğŸ¤¡,0,labour
102,ğŸ¤£ğŸ¤”,0,conservatives
103,ğŸ¤£ğŸ˜‚ğŸ¤£ğŸ˜‚,0,conservatives
104,ğŸ˜‚,0,conservatives
105,ğŸ˜¡ğŸ˜¡ğŸ˜¡ğŸ˜¡ğŸ˜¡,0,labour
106,ğŸ˜,0,labour
107,ğŸ˜‚ğŸ˜‚ğŸ˜‚ğŸ˜‚ğŸ˜‚ğŸ˜‚,0,labour
108,ğŸ¤¦â€â™‚ï¸,0,conservatives
109,ğŸ¤·â€â™‚ï¸,0,conservatives
110,ğŸ¤£,0,labour
111,ğŸ¤·ğŸ¼â€â™‚ï¸,1,conservatives
112,ğŸ‘ğŸ»,0,labour
113,ğŸ˜‚,1,conservatives
114,ğŸ¤·â€â™€ï¸ğŸ˜­ğŸ¤¦â€â™€ï¸ğŸ’”,0,conservatives
115,ğŸ˜ï¸,0,conservatives
116,ğŸ˜‚,0,conservatives
117,ğŸ™„,0,labour
118,ğŸ¤¦ğŸ½â€â™€ï¸ğŸ¤¦ğŸ½â€â™€ï¸ğŸ¤¦ğŸ½â€â™€ï¸ğŸ¤¦ğŸ½â€â™€ï¸,0,labour
119,ğŸ™„,0,labour
120,ğŸ‡¨ğŸ‡¿â¤ğŸ‡ºğŸ‡¦,2,conservatives
121,ğŸ¤¦ğŸ»â€â™‚ï¸,0,conservatives
122,ğŸ‘,1,conservatives
123,ğŸ™,2,conservatives
124,â˜¹ï¸,0,conservatives
125,ğŸ˜‰,2,labour
126,ğŸ¤¦â€â™€ï¸,0,conservatives
127,ğŸ‘ğŸ‘ğŸ‘,0,labour
128,ğŸ˜†,0,conservatives
129,ğŸ¤£ğŸ¤£ğŸ¤£,0,conservatives
130,â—â—â—,0,labour
131,ğŸ˜¡ğŸ¤¢,0,labour
132,ğŸ‡¬ğŸ‡§ğŸ‡ªğŸ‡ºğŸŒŸ,2,libdems
133,ğŸ™‚,0,conservatives
134,â¤ï¸ğŸŒ¹â¤ï¸,2,labour
135,ğŸ™â¤ï¸ğŸ˜€,2,labour
136,ğŸ‘‡ğŸ‘‡ğŸ‘‡ğŸ‘‡ğŸ‘‡,1,labour
137,ğŸ™â˜®ï¸,2,labour
138,ğŸ¤”,1,labour
139,ğŸ˜”,0,labour
140,ğŸ¤£,0,labour
141,ğŸ˜,0,libdems
142,ğŸ—³ğŸ¤—,2,labour
143,â¤ï¸ğŸ’,2,conservatives
144,ğŸ¤”,0,labour
145,ğŸ¤¬,0,conservatives
146,ğŸ˜‚ğŸ˜‚ğŸ˜‚,0,conservatives
147,ğŸ’™â¤ï¸ğŸ’™,2,conservatives
148,ğŸ™ˆğŸ™ˆğŸ˜¡ğŸ˜¡ğŸ˜¡,0,conservatives
149,ğŸ˜‚,0,labour
150,ğŸ˜‚,0,conservatives
151,ğŸ«£ğŸ¤£ğŸ‘,0,conservatives
152,ğŸ´ó §ó ¢ó ³ó £ó ´ó ¿,1,labour
153,ğŸ˜‰ğŸ˜‰,1,conservatives
154,ğŸ‘‡ğŸ‘‡ğŸ‘‡ğŸ‘‡ğŸ‘‡,1,labour
155,ğŸ’š,2,labour
156,ğŸ¤·ğŸ»â€â™‚ï¸ğŸ¤·ğŸ½â€â™‚ï¸ğŸ¤·ğŸ¿â€â™‚ï¸,0,labour
157,ğŸ‘ğŸ‘ğŸ‘ğŸ‘,2,conservatives
158,ğŸ’§ğŸ¤¦â€â™€ï¸ğŸ’¦,0,conservatives
159,ğŸ¤”,0,conservatives
160,ğŸ¤·â€â™‚ï¸,0,labour
161,ğŸ§,1,labour
162,ğŸ¤¨,0,conservatives
163,ğŸ˜‚ğŸ˜‚ğŸ˜‚ğŸ˜‚,0,labour
164,ğŸ¤”,0,conservatives
165,ğŸ‘,2,conservatives
166,ğŸ¤¬,0,labour
167,ğŸ¤£ğŸ¤£,0,conservatives
168,ğŸ‘,0,labour
169,ğŸ¯ğŸ¯ğŸ¯,0,labour
170,ğŸ‘ğŸ»ğŸ³ï¸â€ğŸŒˆğŸ³ï¸â€âš§ï¸,2,labour
171,ğŸ§¢,0,conservatives
172,ğŸ“âš–ğŸ‘‰,0,labour
173,ğŸ˜‚,0,labour
174,ğŸ‘,2,labour
175,ğŸª¦ğŸª¦ğŸª¦ğŸª¦ğŸª¦ğŸª¦ğŸª¦ğŸª¦ğŸª¦ğŸª¦ğŸª¦ğŸª¦ğŸª¦ğŸª¦ğŸª¦ğŸª¦ğŸª¦ğŸª¦ğŸª¦ğŸª¦,0,labour
176,ğŸ¤”ğŸ™„,0,labour
177,ğŸ¤¬ğŸ¤¬ğŸ¤¬,0,labour
178,ğŸ¥±ğŸ˜´,0,labour
179,ğŸ™ğŸˆâœŒï¸,2,labour
180,ğŸ˜‰,2,labour
181,ğŸ˜‚,0,labour
182,ğŸ˜…ğŸ¤¦â€â™‚ï¸,0,conservatives
183,ğŸ’¯â‰ï¸âœ…ğŸ¤ğŸ»ğŸ§ğŸ“ŠğŸ“ˆğŸ‘‰ğŸ‘‡ğŸ‘‡,2,conservatives
184,ğŸŒ¹,2,labour
185,ğŸ’,2,conservatives
186,ğŸ¤£,0,conservatives
187,ğŸ¤£ğŸ˜…ğŸ¤£,0,libdems
188,ğŸ’š,2,conservatives
189,ğŸ™,2,conservatives
190,ğŸ˜•,1,labour
191,ğŸ£,2,labour
192,ğŸ‘,0,conservatives
193,ğŸ˜³,0,conservatives
194,ğŸ™„,0,labour
195,ğŸ˜¡,0,conservatives
196,ğŸ˜‰,0,labour
197,ğŸ™„,0,conservatives
198,ğŸ‘,2,conservatives
199,ğŸ¤·â€â™€ï¸,1,labour
200,ğŸ˜€,0,conservatives
201,âœŠğŸ»â¤ï¸,2,labour
202,ğŸ™ŒğŸ‘,2,conservatives
203,ğŸ˜’ğŸ˜„,0,labour
204,â˜ºï¸,0,labour
205,ğŸ˜¡ğŸ˜¡,0,conservatives
206,ğŸ¥³ğŸ™ğŸŒ¹,2,labour
207,ğŸ‘,2,labour
208,ğŸ™„,0,conservatives
209,ğŸ˜‚ğŸ˜‚,0,labour
210,ğŸ´ó §ó ¢ó ·ó ¬ó ³ó ¿ğŸ’–,2,conservatives
211,ğŸ¤”,1,labour
212,ğŸ˜„ğŸ˜„,0,conservatives
213,ğŸ¤¡ğŸ¤¡ğŸ¤¡,0,conservatives
214,ğŸ¤·ğŸ»â€â™€ï¸,0,labour
215,ğŸ™‚ğŸ™‚ğŸ™‚,2,conservatives
216,ğŸ˜¡,0,conservatives
217,ğŸ¤”,0,conservatives
218,ğŸ¤¦ğŸ»,0,labour
219,ğŸ‘ğŸ»ğŸ‘ğŸ»ğŸ‘ğŸ»,2,conservatives
220,ğŸ¤”,0,conservatives
221,ğŸ‘,2,libdems
222,ğŸ™‰ğŸ™ˆğŸ™Š,0,conservatives
223,ğŸ˜‚ğŸ˜‚ğŸ™„,0,conservatives
224,ğŸ‘ğŸ¤£ğŸ¤£,0,conservatives
225,ğŸ˜ƒ,2,labour
226,ğŸ˜¡ğŸ˜¡ğŸ˜¡,0,conservatives
227,ğŸ¤¬,0,conservatives
228,ğŸ˜±,1,conservatives
229,ğŸ’©,2,labour
230,ğŸ‘,2,labour
231,ğŸ£,2,conservatives
232,ğŸ¤£ğŸ‘,1,conservatives
233,ğŸ™ğŸ™ğŸ™,1,conservatives
234,ğŸ¤·ğŸ»â€â™‚ï¸,0,conservatives
235,ğŸ˜‚ğŸ˜‚ğŸ˜‚,0,conservatives
236,ğŸ˜¡,0,labour
237,ğŸŒ·ğŸŒ¿ğŸŒ·ğŸŒ¿,2,labour
238,âœ…âœ…âœ…âœ…âœ…âœ…âœ…,1,labour
239,ğŸ¤·ğŸ¾â€â™€ï¸,0,conservatives
240,ğŸ˜,1,conservatives
241,ğŸ˜‚ğŸ˜‚ğŸ˜‚ğŸ˜‚,0,conservatives
242,ğŸ˜¡ğŸ˜¡ğŸ˜¡,0,conservatives
243,ğŸ˜¡,0,conservatives
244,ğŸ¤£ğŸ˜…ğŸ¤£ğŸ˜…ğŸ¤£,0,libdems
245,ğŸ˜–,0,labour
246,ğŸ˜¡,0,conservatives
247,ğŸ˜­,1,libdems
248,ğŸ˜¡,0,conservatives
249,ğŸ˜´,0,conservatives
250,ğŸ˜‚ğŸ˜‚ğŸ˜‚ğŸ˜‚ğŸ˜‚ğŸ˜³,0,conservatives
251,ğŸ˜ŠğŸ‡¬ğŸ‡§,2,conservatives
252,ğŸ¤¡ğŸ¤¡,0,conservatives
253,ğŸ˜¡,0,conservatives
254,ğŸ¤¦,0,conservatives
255,ğŸ‘ğŸ‘ğŸ‘ğŸ‘ğŸ‘ğŸ‘ğŸ‘ğŸ‘ğŸ‘ğŸ‘ğŸ‘ğŸ‘ğŸ‘,2,conservatives
256,ğŸ¤£ğŸ¤£ğŸ¤£ğŸŒğŸ”«ğŸ§‘â€ğŸ¤â€ğŸ§‘ğŸ‡¨ğŸ‡¦ğŸ‡¦ğŸ‡ºğŸ‡³ğŸ‡¿ğŸ‡¬ğŸ‡§ğŸ‘«ğŸ”«ğŸ˜‚,0,libdems
257,ğŸ¤·ğŸ»â€â™€ï¸,0,conservatives
258,ğŸ¤£ğŸ¤£ğŸ¤£,0,labour
259,ğŸ¤”ğŸ¤”ğŸ¤”ğŸ¤”,1,conservatives
260,ğŸ‘‡,1,conservatives
261,ğŸ¤”,0,labour
262,ğŸ´ó §ó ¢ó ·ó ¬ó ³ó ¿,2,conservatives
263,ğŸ˜¡ğŸ˜¡,0,labour
264,ğŸ’©,0,conservatives
265,ğŸ„ğŸ’©,0,labour
266,ğŸ˜‚,0,conservatives
267,â›ª,2,labour
268,ğŸ¤£ğŸ¤£ğŸ¤£,0,labour
269,ğŸ˜”ğŸ˜Ÿ,0,libdems
270,ğŸ˜„ğŸ˜„,0,conservatives
271,ğŸ¤£,0,labour
272,ğŸ‘ğŸ‘,2,conservatives
273,ğŸ¤¡,0,labour
274,ğŸ‘Œ,1,conservatives
275,ğŸ¤·â€â™‚ï¸ğŸ˜,0,labour
276,ğŸ‘ğŸ‘,0,labour
277,ğŸ‘ŒğŸ‘Œ,1,conservatives
278,ğŸ˜…,0,labour
279,ğŸ¤·ğŸ¼â€â™‚ï¸ğŸ¤·ğŸ¼â€â™‚ï¸,0,labour
280,ğŸ¤®,0,labour
281,ğŸ£,2,libdems
282,ğŸ‘,2,conservatives
283,ğŸ¤¦â€â™‚ï¸,0,conservatives
284,ğŸ˜©,0,labour
285,ğŸ¤”,1,labour
286,ğŸ˜‡,2,labour
287,ğŸ˜ğŸ‘,2,conservatives
288,ğŸ¤¯,1,labour
289,ğŸ˜‚,0,labour
290,ğŸ˜…ğŸ¤£ğŸ˜…,0,libdems
291,ğŸ˜°,1,libdems
292,ğŸ˜¡,0,labour
293,ğŸ¤”,1,labour
294,ğŸ˜˜,0,labour
295,ğŸ¤£,0,labour
296,ğŸ¥º,1,labour
297,ğŸ˜‚,0,labour
298,ğŸ˜‚,0,labour
299,ğŸ¤¬,0,libdems
300,ğŸ¤”ğŸ˜,2,labour
301,ğŸ˜œ,1,labour
302,ğŸ‘,1,conservatives
303,ğŸ˜ ğŸ¤¬,2,labour
304,â˜˜ï¸â˜˜ï¸ğŸ‡¬ğŸ‡§ğŸ‡¬ğŸ‡§,2,conservatives
305,ğŸ’¥ğŸ‡¬ğŸ‡§ğŸ‡ªğŸ‡ºâ˜€ï¸ğŸ¤¡ğŸ¤¡ğŸ¤¡ğŸ¤¡ğŸ¤¡ğŸ¤¡ğŸ¤¡ğŸ¤¡ğŸ¤¡ğŸ¤¡ğŸ‡¬ğŸ‡§ğŸ‡ªğŸ‡ºğŸ‡ºğŸ‡¦ğŸ‡¬ğŸ‡§ğŸ‡ªğŸ‡ºğŸŒŸ,0,libdems
306,ğŸ˜‚ğŸ˜‚,0,conservatives
307,ğŸ˜‚ğŸ˜‚,0,labour
308,ğŸ¤¬,0,conservatives
309,ğŸŸ¦ğŸŸ¦ğŸŸ¦ğŸŸ¦ğŸ”¹ğŸŸ¦ğŸŸ¦ğŸŸ¦ğŸŸ¦ğŸŸ¦ğŸ”·ğŸ”·ğŸ”¹ğŸ”·ğŸ”¹ğŸ”·ğŸŸ¦ğŸ”¹ğŸ”·ğŸ”·ğŸ”¹ğŸ”¹ğŸ”·ğŸŸ¦ğŸ”·ğŸ”¹ğŸ”¹ğŸ”¹ğŸ”·ğŸ”·ğŸ”¹ğŸŸ¦ğŸ‚ğŸ”¶ğŸ§¡ğŸ”¶ğŸ§¡,1,libdems
310,ğŸ˜¡ğŸ˜²ğŸ˜²ğŸ˜²ğŸ˜¡,0,labour
311,ğŸ˜¡ğŸ˜¡,0,labour
312,ğŸ˜‘,0,conservatives
313,ğŸ˜‚,0,conservatives
314,ğŸ‘‡,1,conservatives
315,ğŸ¤”,1,conservatives
316,ğŸ‘ğŸ¾,0,labour
317,ğŸ˜œ,1,conservatives
318,âœŠ,2,conservatives
319,ğŸ™,2,conservatives
320,ğŸ˜‚,1,conservatives
321,â˜¹ï¸,0,conservatives
322,ğŸ‘,2,labour
323,â˜˜ï¸â˜˜ï¸,2,conservatives
324,ğŸ™„,0,conservatives
325,ğŸ’©ğŸ¤¢ğŸ¤¢ğŸ¤®,0,labour
326,ğŸ™â™¥ï¸,2,conservatives
327,ğŸ˜ğŸ˜ŸğŸ¥²ğŸ˜‰ğŸ¤¨ğŸ˜…,1,labour
328,ğŸ‘,2,labour
329,ğŸ¤”ğŸ¤”ğŸ¤”,1,conservatives
330,ğŸ¤”,0,labour
331,ğŸ˜­,0,labour
332,ğŸ˜Š,2,conservatives
333,â¤ï¸,2,conservatives
334,ğŸ˜‚,1,conservatives
335,ğŸ½,0,conservatives
336,ğŸ¤¬,0,labour
337,â˜˜ï¸ğŸ‡¬ğŸ‡§â˜˜ï¸,2,conservatives
338,ğŸ˜‚ğŸ˜¢,1,labour
339,ğŸ¤¦â€â™‚ï¸,1,conservatives
340,ğŸ‘ğŸ»ğŸ‘ğŸ»ğŸ‘ğŸ»,2,labour
341,ğŸ˜‚,1,conservatives
342,ğŸ¤”,0,conservatives
343,âœ¡ğŸ™Œ,2,conservatives
344,ğŸ™„,0,labour
345,ğŸ™„,0,labour
346,ğŸ˜‚,0,labour
347,ğŸƒğŸƒ,0,conservatives
348,ğŸ¤¦â€â™‚ï¸,0,conservatives
349,ğŸ¤£,1,conservatives
350,ğŸ˜¡,0,conservatives
351,ğŸ¤”,1,labour
352,ğŸ˜ğŸ˜ğŸ˜,1,labour
353,ğŸ¤£ğŸ¤£ğŸ¤£,0,conservatives
354,ğŸ™„,1,conservatives
355,ğŸ‘ğŸ½,0,libdems
356,ğŸ¤£ğŸ˜…ğŸ¤£,0,conservatives
357,ğŸ¤”ğŸ¤£,1,conservatives
358,ğŸ¤¬,0,libdems
359,ğŸ˜‚,1,conservatives
360,ğŸ¤¡,0,labour
361,ğŸ¤”,1,conservatives
362,ğŸ¤£,0,conservatives
363,ğŸ˜‰,1,labour
364,ğŸ‘,2,conservatives
365,ğŸ˜,0,conservatives
366,ğŸ˜‰,1,labour
367,â™¥ï¸ğŸ™â˜®ï¸,2,labour
368,ğŸ™ƒğŸ˜³ğŸ™ƒ,0,conservatives
369,ğŸ¤·ğŸ¤·,0,conservatives
370,ğŸ™,0,labour
371,â˜˜ï¸,2,conservatives
372,ğŸ¤·,0,conservatives
373,ğŸ‘,1,labour
374,ğŸ™„,0,labour
375,ğŸ¥²,0,labour
376,ğŸ¤”ğŸ¤”ğŸ¤”,0,labour
377,ğŸ’©,0,libdems
378,ğŸ˜¡ğŸ™„,0,labour
379,ğŸ‘ŒğŸ»,0,conservatives
380,ğŸ™„,0,labour
381,ğŸ’–,2,labour
382,ğŸ˜ŠğŸ‘,2,conservatives
383,ğŸ¤·,1,conservatives
384,ğŸ˜‚,1,labour
385,ğŸ˜‰ğŸ˜‰,1,conservatives
386,ğŸ”¶ğŸŸ¡ğŸŸ¡ğŸŸ¡,2,libdems
387,ğŸ‘ğŸ¼,0,labour
388,ğŸ˜‰,1,labour
389,ğŸ™ŒğŸ‘,2,conservatives
390,ğŸ¤”,1,conservatives
391,ğŸ‘ğŸ‡¬ğŸ‡§,2,conservatives
392,ğŸ—³ğŸ˜‰ğŸ’ª,2,labour
393,ğŸ‘,2,labour
394,ğŸ‘Œ,2,conservatives
395,ğŸ˜‚,0,conservatives
396,ğŸ‘ğŸ»,2,conservatives
397,ğŸ‘,2,conservatives
398,ğŸ™„ğŸ¤¬,0,conservatives
399,ğŸ£,2,conservatives
400,ğŸ¤£ğŸ¤£,0,labour
401,ğŸ™‚,2,conservatives
402,ğŸ¤·ğŸ»â€â™€ï¸,0,conservatives
403,ğŸ˜‚,1,labour
404,ğŸ˜€,1,labour
405,ğŸ¤”,2,conservatives
406,ğŸ¤¬,0,conservatives
407,ğŸ˜¡,0,conservatives
408,ğŸ˜˜,2,conservatives
409,ğŸ¤”,0,conservatives
410,ğŸ¤”,0,conservatives
411,ğŸ¤¬ğŸ¤¬ğŸ¤¬,0,labour
412,ğŸ¤,0,labour
413,ğŸ°ğŸ£ğŸ¤ğŸ¥,2,libdems
414,ğŸ¤”,1,conservatives
415,ğŸ¤¦â€â™‚ï¸ğŸ˜‚,0,conservatives
416,âœ”ï¸,0,conservatives
417,â˜¹ï¸ğŸ˜¥â˜¹ï¸ğŸ˜¥â˜¹ï¸,0,labour
418,ğŸ¤”,0,conservatives
419,âœï¸ğŸ’›,2,libdems
420,ğŸ¤”,0,labour
421,ğŸ¤£ğŸ˜‚,1,conservatives
422,ğŸ‘,2,labour
423,ğŸ˜¡,0,labour
424,ğŸ’—,2,conservatives
425,ğŸ˜ƒ,1,conservatives
426,ğŸ¤”,0,labour
427,ğŸ‘ğŸ¾ğŸ¾ğŸ¾ğŸ¾ğŸ¾ğŸ‘,1,conservatives
428,ğŸ¤”ğŸ˜Œ,1,labour
429,ğŸ¤·â€â™‚ï¸,0,conservatives
430,ğŸ¤”,1,conservatives
431,ğŸ˜’,0,labour
432,ğŸ¤£,0,conservatives
433,â˜ï¸,1,conservatives
434,ğŸ¤¬,0,conservatives
435,ğŸ’©ğŸ¤¬ğŸ¤¬ğŸ¤¬,0,labour
436,ğŸ˜„ğŸ˜„,0,conservatives
437,ğŸ˜­ğŸ˜­,0,conservatives
438,ğŸ™„,0,conservatives
439,ğŸ˜…,0,conservatives
440,ğŸ¤·â€â™‚ï¸,0,conservatives
441,ğŸ˜¥,0,conservatives
442,ğŸ“¥ğŸ“¥âœï¸ğŸ‘‡ğŸ‘‡ğŸ‘‡,1,labour
443,ğŸ’œğŸ‡µğŸ‡¸,1,labour
444,â€¼ï¸ğŸ¤”â€¼ï¸,0,conservatives
445,ğŸ“¸,0,conservatives
446,ğŸ¤,2,labour
447,ğŸ¤¨,0,conservatives
448,ğŸ¤£,0,conservatives
449,ğŸ‘‹,0,conservatives
450,ğŸ¤”,1,labour
451,ğŸ¤£ğŸ¤£ğŸ¤£ğŸ¤£,0,labour
452,ğŸ‘ğŸ‘ğŸ‘,2,labour
453,ğŸ˜†,0,labour
454,ğŸŒ¹ğŸŒ¹ğŸŒ¹ğŸŒ¹,2,labour
455,ğŸ˜¡,0,conservatives
456,ğŸ™„,0,labour
457,ğŸ¤£ğŸ˜…ğŸ¤£ğŸ˜…ğŸ¤£,0,labour
458,ğŸ˜•,0,labour
459,â˜¹ï¸ğŸ«£ğŸ˜¡,0,conservatives
460,ğŸŒ¹ğŸŒ¹ğŸŒ¹ğŸŒ¹ğŸŒ¹,2,labour
461,ğŸ˜‰ğŸ˜‰,0,conservatives
462,ğŸ¤£,0,labour
463,ğŸ˜„ğŸ˜„,0,conservatives
464,ğŸ”´,0,labour
465,ğŸ™„,0,conservatives
466,ğŸ˜€,1,conservatives
467,ğŸ™‚,2,labour
468,ğŸ˜‚,0,conservatives
469,â¤ï¸â¤ï¸,2,labour
470,ğŸ¤£,0,conservatives
471,ğŸ˜‚ğŸ˜‚,0,labour
472,ğŸ˜,1,conservatives
473,ğŸ˜‚,0,conservatives
474,ğŸ¤”ğŸ¤”,0,conservatives
475,ğŸ˜‚ğŸ˜‚ğŸ˜‚ğŸ˜‚,0,conservatives
476,ğŸ˜,0,labour
477,ğŸ™€,1,labour
478,ğŸŒ»ğŸŒ¼,2,labour
479,ğŸ¤·ğŸ»ğŸ¤·ğŸ»ğŸ¤·ğŸ»ğŸ¤·ğŸ»ğŸ¤”,1,conservatives
480,ğŸ¤®ğŸ¤®ğŸ¤®,0,conservatives
481,ğŸ˜‰ğŸ˜‰,1,conservatives
482,ğŸ˜¡,0,conservatives
483,ğŸ˜‚ğŸ˜‚ğŸ˜‚,0,conservatives
484,ğŸ˜¡,0,conservatives
485,ğŸ˜¡,0,labour
486,ğŸ‘ğŸ‡¬ğŸ‡§,2,conservatives
487,ğŸ˜„ğŸ˜„,0,conservatives
488,ğŸ˜±,0,conservatives
489,âœï¸,2,conservatives
490,ğŸ˜¡,0,conservatives
491,âŒâŒâŒâŒ,0,libdems
492,ğŸ˜ğŸ“ƒ,0,conservatives
493,ğŸ™ƒ,0,labour
494,ğŸ¤·â€â™‚ï¸ğŸ˜‚,1,labour
495,ğŸ˜ŸğŸ˜”,0,libdems
496,ğŸ˜‡,2,conservatives
497,ğŸ‘,1,conservatives
498,ğŸ¤£,1,conservatives
499,ğŸ˜¡,0,conservatives
500,ğŸ¤”,0,conservatives
501,ğŸ¤¦â€â™‚ï¸âœ”ï¸,0,labour
502,ğŸ¤¦â€â™€ï¸,0,conservatives
503,ğŸ–•,0,conservatives
504,ğŸ—³,0,conservatives
505,ğŸ‘ğŸ»ğŸ‘ğŸ»,2,conservatives
506,ğŸ˜‚,0,conservatives
507,âœ”ï¸,2,conservatives
508,ğŸ’ªğŸ’ªğŸ´ó §ó ¢ó ¥ó ®ó §ó ¿ğŸ´ó §ó ¢ó ¥ó ®ó §ó ¿ğŸ´ó §ó ¢ó ¥ó ®ó §ó ¿,2,conservatives
509,ğŸ”¶ğŸŸ¡ğŸŸ¡ğŸŸ¡ğŸŸ¡ğŸŸ¡ğŸŸ¡,1,libdems
510,ğŸ¤·ğŸ»â€â™€ï¸,1,conservatives
511,ğŸ¤¬,0,conservatives
512,ğŸ‘ğŸ»ğŸ‘ğŸ»ğŸ‘ğŸ»ğŸ‘ğŸ»ğŸ‘ğŸ»ğŸ‘ğŸ»ğŸ‘ğŸ»ğŸ‘ğŸ»,2,conservatives
513,ğŸ˜¡ğŸ˜¡ğŸ˜¡,0,conservatives
514,ğŸ˜±ğŸ”µğŸŸ¡ğŸŸ¡ğŸŸ¡ğŸŸ¡ğŸ”¶ğŸ§¡,0,libdems
515,ğŸ¤‘,1,labour
516,ğŸ¤£ğŸ¤£ğŸ¤£ğŸ¤£,0,conservatives
517,ğŸ¤”ğŸ¤”ğŸ¤”,0,libdems
518,ğŸš«ğŸ˜¶ğŸ˜¶ğŸ˜¶ğŸ˜¶ğŸ˜¶ğŸ˜¶ğŸš«,0,conservatives
519,ğŸ’¯ğŸ‘ğŸ‘ğŸ‘,2,labour
520,ğŸ©º,1,labour
521,ğŸ™„,0,labour
522,ğŸ‘ğŸ‘ğŸ‘ğŸ‘,0,libdems
523,ğŸ¤”ğŸ¤”,0,conservatives
524,ğŸ´ó §ó ¢ó ¥ó ®ó §ó ¿,2,labour
525,ğŸ˜¡,0,conservatives
526,â¤,1,labour
527,ğŸ¤”,1,labour
528,ğŸ˜¡,0,labour
529,ğŸ˜¡,0,conservatives
530,ğŸšŒ,0,libdems
531,ğŸ¤£,0,labour
532,ğŸ™,2,conservatives
533,ğŸ,0,conservatives
534,ğŸ™„,0,conservatives
535,ğŸ‡¬ğŸ‡§ğŸ‡ªğŸ‡ºğŸŒŸ,2,libdems
536,ğŸ¥±,0,labour
537,ğŸ˜¡,0,labour
538,ğŸŸ¡ğŸŸ¡ğŸŸ¡ğŸŸ¡ğŸŸ¡ğŸŸ¡,0,libdems
539,ğŸ¤”,0,conservatives
540,ğŸ´ó §ó ¢ó ¥ó ®ó §ó ¿,2,conservatives
541,ğŸ‘ğŸ‘ğŸ‘,0,conservatives
542,ğŸ™„,0,libdems
543,ğŸ¤”ğŸ¤”,0,libdems
544,ğŸ¤”,0,conservatives
545,ğŸ˜…,0,conservatives
546,ğŸ˜ªâ¤ï¸,1,conservatives
547,ğŸ˜¡,0,conservatives
548,ğŸ¤·â€â™€ï¸,0,conservatives
549,ğŸ™„,0,libdems
550,â˜ºï¸,2,conservatives
551,ğŸ¤£,0,conservatives
552,ğŸ¥³,2,libdems
553,â¤ï¸ğŸŒ¹,2,labour
554,ğŸ˜‚,0,conservatives
555,ğŸ˜¡,0,labour
556,ğŸ˜‚,0,conservatives
557,ğŸ¤™ğŸ»ğŸ‡¬ğŸ‡§,2,conservatives
558,ğŸ¤·â€â™‚ï¸,1,labour
559,ğŸ¤®,0,labour
560,ğŸ¤¬,0,labour
561,ğŸ˜„ğŸ¤”,0,conservatives
562,ğŸ˜œğŸ˜ŸğŸ¥²,0,labour
563,ğŸ‡¬ğŸ‡§ğŸ’ªğŸ‰,2,conservatives
564,ğŸ¤”,0,labour
565,ğŸ˜¡,0,labour
566,ğŸğŸ˜¡,0,libdems
567,ğŸ˜®ğŸ˜¡â•ğŸ“ˆğŸ‘©â€âš•ï¸,0,libdems
568,ğŸ‡¬ğŸ‡§ğŸ¤”,0,labour
569,ğŸ”¶ğŸŸ¡ğŸŸ¡ğŸŸ¡ğŸŸ¡,0,libdems
570,ğŸ˜‰ğŸ˜‰,0,conservatives
571,â˜¹ï¸,0,conservatives
572,ğŸ˜‚,2,conservatives
573,ğŸ¥€,0,conservatives
574,ğŸ¤¦ğŸ¼,0,conservatives
575,ğŸ˜„,2,conservatives
576,ğŸ¤”,0,conservatives
577,ğŸ”¶,1,libdems
578,ğŸ’¥ğŸ‡¬ğŸ‡§ğŸ‡ªğŸ‡ºâ˜€ï¸ğŸ¤¡ğŸ¤¡ğŸ¤¡ğŸ¤¡ğŸ¤¡ğŸ¤¡ğŸ¤¡ğŸ¤¡ğŸ¤¡ğŸ¤¡ğŸ‡¬ğŸ‡§ğŸ‡ªğŸ‡ºğŸ‡ºğŸ‡¦ğŸ‡¬ğŸ‡§ğŸ‡ªğŸ‡ºğŸŒŸ,0,libdems
579,ğŸ¤”ğŸ˜”,0,conservatives
580,ğŸ‘,2,labour
581,ğŸ‘ğŸ‡¬ğŸ‡§ğŸ‘ğŸ‡¬ğŸ‡§ğŸ‘ğŸ‡¬ğŸ‡§ğŸ‘ğŸ‡¬ğŸ‡§,2,conservatives
582,ğŸ˜‚,0,conservatives
583,ğŸ˜¡,0,conservatives
584,ğŸ˜¡,0,conservatives
585,â–¶ï¸,1,libdems
586,ğŸ˜ ,0,labour
587,ğŸ˜¡ğŸ˜¡ğŸ˜¡,0,conservatives
588,ğŸ’°ğŸ’°ğŸ’°ğŸ’°ğŸ’°ğŸ’°ğŸ’°ğŸ’°ğŸ’°ğŸ’°ğŸ’°ğŸ’°,1,conservatives
589,ğŸ´ó §ó ¢ó ³ó £ó ´ó ¿ğŸ´ó §ó ¢ó ¥ó ®ó §ó ¿ğŸ´ó §ó ¢ó ·ó ¬ó ³ó ¿,2,conservatives
590,ğŸ‘,2,labour
591,ğŸ¤£ğŸ¤£ğŸ¤£ğŸ¤£,0,labour
592,â¤ï¸,2,labour
593,ğŸ¤£,0,libdems
594,ğŸ„ğŸ´ó §ó ¢ó ¥ó ®ó §ó ¿ğŸ‡µğŸ‡­,2,conservatives
595,ğŸ‘,0,labour
596,ğŸŒˆ,0,conservatives
597,ğŸ˜,2,labour
598,ğŸ¤¡ğŸ‡¬ğŸ‡§ğŸ‡ªğŸ‡ºğŸŒŸ,0,labour
599,ğŸ˜…,1,libdems
600,ğŸ˜‚,0,conservatives
601,ğŸ¤·â€â™‚ï¸,0,conservatives
602,ğŸ˜¡,0,labour
603,âŒâŒâŒâŒâŒâŒâŒ,0,libdems
604,ğŸ‘,0,conservatives
605,ğŸ§,0,libdems
606,ğŸ‘,0,libdems
607,ğŸ´ó §ó ¢ó ¥ó ®ó §ó ¿ğŸ˜Šâ¤ğŸ‘,2,conservatives
608,ğŸ‘,0,libdems
609,ğŸ§,0,libdems
610,ğŸ¤®,0,libdems
611,ğŸ˜ŠğŸ˜Š,2,labour
612,ğŸ˜‚ğŸ˜‚ğŸ˜‚ğŸ˜‚ğŸ˜‚ğŸ˜‚ğŸ˜‚,0,conservatives
613,ğŸ¤£ğŸ¤£,0,labour
614,ğŸ™,1,labour
615,ğŸ˜‚,0,conservatives
616,ğŸ˜’,0,conservatives
617,â¤ï¸ğŸ´ó §ó ¢ó ¥ó ®ó §ó ¿âš½ğŸ´ó §ó ¢ó ¥ó ®ó §ó ¿,2,conservatives
618,ğŸ—³ï¸,2,libdems
619,ğŸ˜³,0,labour
620,ğŸ™‚,2,conservatives
621,ğŸ´ó §ó ¢ó ·ó ¬ó ³ó ¿ğŸ‘â¤ï¸ğŸ¥³,2,conservatives
622,ğŸ˜³ğŸ˜³,1,conservatives
623,ğŸ¤£ğŸ¤¦â€â™‚ï¸,0,conservatives
624,ğŸª´,1,libdems
625,ğŸ˜¡ğŸ˜¡,0,conservatives
626,ğŸ¤£,0,libdems
627,ğŸ˜„ğŸ˜„,0,conservatives
628,ğŸ˜ğŸ“ƒ,0,conservatives
629,ğŸ´ó §ó ¢ó ¥ó ®ó §ó ¿ğŸ‘ğŸ´ó §ó ¢ó ¥ó ®ó §ó ¿ğŸ‘ğŸ´ó §ó ¢ó ¥ó ®ó §ó ¿,2,conservatives
630,ğŸ™ˆğŸ™ˆ,0,labour
631,âš¡âŒ,1,libdems
632,ğŸ¤£ğŸ¤£ğŸ¤£ğŸ¤£ğŸ¤£,0,conservatives
633,ğŸ™„,0,conservatives
634,â™¥ï¸ğŸ¤”,1,conservatives
635,ğŸ¤”ğŸ¤”ğŸ¤”ğŸ¤”ğŸ¤”ğŸ¤”ğŸ¤”,0,conservatives
636,ğŸ¤£ğŸ¤£ğŸ¤£ğŸ¤£ğŸ¤£,0,libdems
637,ğŸ˜§,0,conservatives
638,ğŸ¤£ğŸ¤£ğŸ¤£,0,conservatives
639,ğŸ˜„ğŸ˜„,0,conservatives
640,ğŸ¤·ğŸ¤”,0,conservatives
641,ğŸ‘ğŸ»ğŸ‘ğŸ»ğŸ‘ğŸ»,2,labour
642,ğŸ¤”ğŸ¤”,0,conservatives
643,ğŸ¤·ğŸ»â€â™‚ï¸,0,libdems
644,ğŸ¤¡,0,conservatives
645,ğŸ˜‚ğŸ˜¢ğŸ˜‚ğŸ˜¢,1,labour
646,ğŸŸ¡ğŸŸ¡ğŸŸ¡,1,libdems
647,ğŸ™,2,conservatives
648,ğŸ”¶ğŸŸ¡ğŸŸ¡ğŸŸ¡ğŸŸ¡ğŸŸ¡ğŸ”µğŸ•›,0,libdems
649,ğŸ‘ğŸ‘ğŸ‘,2,libdems
650,ğŸ¤—,2,libdems
651,ğŸ’¥ğŸ‡¬ğŸ‡§ğŸ‡ªğŸ‡ºâ˜€ï¸ğŸ¤¡ğŸ¤¡ğŸ¤¡ğŸ¤¡ğŸ¤¡ğŸ¤¡ğŸ¤¡ğŸ¤¡ğŸ¤¡ğŸ¤¡ğŸ¤¡ğŸ¤¡ğŸ¤¡ğŸ‡¬ğŸ‡§ğŸ‡ªğŸ‡ºğŸ‡ºğŸ‡¦ğŸ‡¬ğŸ‡§ğŸ‡ªğŸ‡ºğŸŒŸ,0,libdems
652,ğŸ˜¡,0,conservatives
653,ğŸ¤¦â€â™‚ï¸ğŸ‘,0,conservatives
654,ğŸ’¥ğŸ‡¬ğŸ‡§ğŸ‡ªğŸ‡ºâ˜€ï¸ğŸ¤¡ğŸ¤¡ğŸ¤¡ğŸ¤¡ğŸ¤¡ğŸ¤¡ğŸ¤¡ğŸ¤¡ğŸ¤¡ğŸ¤¡ğŸ‡¬ğŸ‡§ğŸ‡ªğŸ‡ºğŸ‡ºğŸ‡¦ğŸ‡¬ğŸ‡§ğŸ‡ªğŸ‡ºğŸŒŸ,0,libdems
655,ğŸ,1,libdems
656,ğŸ‘€ğŸ‘€,0,conservatives
657,ğŸ˜‚,2,labour
658,ğŸ‘Œ,1,conservatives
659,â¤ï¸,2,labour
660,ğŸ˜‚,0,conservatives
661,ğŸ´ó §ó ¢ó ¥ó ®ó §ó ¿ğŸ´ó §ó ¢ó ¥ó ®ó §ó ¿ğŸ´ó §ó ¢ó ¥ó ®ó §ó ¿,2,conservatives
662,ğŸ˜¢,0,conservatives
663,ğŸ™ğŸ¾ğŸ™ğŸ¾ğŸ¥°ğŸ¥°,2,conservatives
664,â˜¹,0,labour
665,âœ”ï¸âœ”ï¸âœ”ï¸,0,conservatives
666,ğŸ¤¬,0,conservatives
667,ğŸŒ¹,2,labour
668,ğŸ¤£ğŸ¤£ğŸ¤£,0,labour
669,ğŸ¤”,0,labour
670,ğŸ˜¡,0,conservatives
671,âŒâ˜ ï¸ğŸ“¢,0,labour
672,ğŸ™ğŸ½,2,libdems
673,ğŸ˜©,0,labour
674,ğŸ—³,1,libdems
675,ğŸ˜¡ğŸ˜¡,0,libdems
676,ğŸ‘,2,conservatives
677,ğŸ«¶,1,conservatives
678,ğŸ„,0,conservatives
679,â„ï¸,0,conservatives
680,ğŸª,2,libdems
681,ğŸ’”,1,conservatives
682,ğŸ¤”,0,libdems
683,ğŸ‘ğŸ¼,0,labour
684,ğŸ¤¦ğŸ»,0,conservatives
685,ğŸ¤·â€â™‚ï¸,0,libdems
686,ğŸ˜‚ğŸ˜‚ğŸ˜‚,0,labour
687,ğŸ˜„ğŸ˜„,0,conservatives
688,ğŸ˜³,0,conservatives
689,ğŸ˜‘,0,labour
690,ğŸ˜ ,0,conservatives
691,ğŸ˜¡ğŸ˜¡ğŸ˜¡ğŸ˜¡,0,conservatives
692,ğŸ˜•,0,labour
693,ğŸ™„ğŸ¤®,0,libdems
694,ğŸ´ó §ó ¢ó ¥ó ®ó §ó ¿,2,conservatives
695,ğŸ˜¡ğŸ˜¡,0,conservatives
696,ğŸ¤”,1,conservatives
697,ğŸ¤£ğŸ¤£,0,labour
698,ğŸ„ğŸ„,2,conservatives
699,ğŸ‘,2,labour
700,ğŸŠâœ¨ğŸ¥³ğŸŒˆğŸ‰ğŸ’«ğŸ†ğŸ»,2,libdems
701,ğŸ˜ğŸ‡ªğŸ‡ºğŸ˜ğŸ‡ªğŸ‡ºğŸ˜ğŸ‡ªğŸ‡ºğŸ˜ğŸ‡ªğŸ‡ºğŸ˜ğŸ‡ªğŸ‡ºğŸ˜ğŸ‡ªğŸ‡ºğŸ˜ğŸ‡ªğŸ‡ºğŸ˜ğŸ‡ªğŸ‡º,0,labour
702,ğŸ‡¬ğŸ‡§ğŸ‡ªğŸ‡ºğŸŒŸ,2,libdems
703,ğŸ¤¬,0,labour
704,ğŸ˜³,0,conservatives
705,ğŸ‘ğŸ‘ğŸ‘,2,conservatives
706,ğŸ´ó §ó ¢ó ¥ó ®ó §ó ¿ğŸ‡µğŸ‡±ğŸ´ó §ó ¢ó ¥ó ®ó §ó ¿ğŸ‡µğŸ‡±ğŸ‡ºğŸ‡¦ğŸ™ğŸ¼,2,conservatives
707,ğŸ‘,2,labour
708,ğŸ˜’,0,conservatives
709,ğŸ´ó §ó ¢ó ·ó ¬ó ³ó ¿,2,conservatives
710,ğŸ¤,2,conservatives
711,ğŸ¤”,0,conservatives
712,ğŸ˜‚ğŸ˜‚ğŸ˜‚,0,conservatives
713,ğŸ˜Š,2,labour
714,ğŸ’°,0,libdems
715,ğŸ§,0,libdems
716,ğŸ¤”,0,conservatives
717,ğŸ´ó §ó ¢ó ³ó £ó ´ó ¿ğŸ‡¬ğŸ‡§,2,conservatives
718,ğŸ˜‚,0,conservatives
719,ğŸ˜ªğŸ˜ªğŸ˜ª,1,labour
720,ğŸ¤£,0,libdems
721,ğŸ˜¢ğŸ˜¢ğŸ˜¢ğŸ˜¢,0,labour
722,ğŸ’©,0,labour
723,ğŸ˜”,0,libdems
724,ğŸ¤£ğŸ¤£ğŸ¤£,1,labour
725,ğŸŸ¡ğŸŸ¡ğŸŸ¡ğŸŸ¡,0,libdems
726,ğŸ§¡ğŸ”¶ğŸŸ¡ğŸŸ¡ğŸŸ¡ğŸŸ¡,0,libdems
727,ğŸ™ˆğŸ™ˆğŸ™ˆğŸ™ˆ,0,labour
728,â¤ï¸â¤ï¸â¤ï¸,2,conservatives
729,ğŸ˜œ,0,conservatives
730,â¬‡ï¸,1,libdems
731,ğŸ’­,1,conservatives
732,ğŸ˜¡,0,conservatives
733,ğŸ—³,1,conservatives
734,ğŸ¤¬,0,conservatives
735,ğŸ‘,2,labour
736,ğŸ˜Š,2,libdems
737,ğŸ¤”ğŸ™„,0,labour
738,â¤ï¸ğŸ˜,1,labour
739,ğŸ‡,2,libdems
740,ğŸ´ó §ó ¢ó ³ó £ó ´ó ¿ğŸ´ó §ó ¢ó ³ó £ó ´ó ¿ğŸ´ó §ó ¢ó ³ó £ó ´ó ¿ğŸ´ó §ó ¢ó ³ó £ó ´ó ¿,2,labour
741,ğŸ¤”ğŸ¤”,0,conservatives
742,ğŸ¤­,0,labour
743,ğŸ˜‚,0,conservatives
744,ğŸ¥‚ğŸ¥‚ğŸ¥‚ğŸ¥‚,2,conservatives
745,ğŸ˜Š,2,conservatives
746,ğŸ¤”,0,conservatives
747,ğŸ‘,0,conservatives
748,ğŸ‘ğŸ‘ğŸ‘ğŸ‘,1,conservatives
749,ğŸ™ğŸ’–,2,conservatives
750,ğŸŒ¹ğŸŒ¹ğŸŒ¹,2,labour
751,ğŸ¤£ğŸ¤£ğŸ¤£ğŸ¤£ğŸ¤£,0,conservatives
752,ğŸ¤”ğŸ¤”ğŸ¤”ğŸ˜¡,0,labour
753,ğŸ™‚ğŸ´ó §ó ¢ó ¥ó ®ó §ó ¿,2,conservatives
754,ğŸ˜Ÿ,0,libdems
755,ğŸ˜©,0,conservatives
756,âŒâ˜ ï¸ğŸ“¢,0,labour
757,â¤ï¸,2,conservatives
758,â¤ï¸,2,labour
759,ğŸ€ğŸ´ó §ó ¢ó ¥ó ®ó §ó ¿,2,conservatives
760,ğŸ˜¢,0,conservatives
761,ğŸ‘ğŸ‘ğŸ‘,2,conservatives
762,ğŸŸ¡ğŸ”¶ğŸŸ¡ğŸŸ¡ğŸŸ¡,1,libdems
763,ğŸ˜,0,labour
764,ğŸ‘ğŸ½,1,conservatives
765,ğŸ‘‹,0,conservatives
766,ğŸ˜¡,0,conservatives
767,ğŸ˜¡,0,conservatives
768,ğŸ˜€,0,conservatives
769,ğŸ˜‚ğŸ˜‚,0,conservatives
770,ğŸ˜‚ğŸ˜‚ğŸ˜‚ğŸ˜‚ğŸ˜‚,0,conservatives
771,ğŸ˜‚ğŸ˜‚,0,conservatives
772,ğŸ¤¡,0,libdems
773,ğŸ¤”,1,conservatives
774,âœ…,2,conservatives
775,ğŸ˜ŸğŸ¤¬ğŸ˜ğŸ˜’,0,labour
776,ğŸ˜¡,0,conservatives
777,ğŸ¤£,0,conservatives
778,ğŸ¤”,1,labour
779,ğŸŒ¹,2,labour
780,ğŸ´ó §ó ¢ó ³ó £ó ´ó ¿,0,labour
781,ğŸ—³,1,conservatives
782,ğŸ¤£ğŸ¤£ğŸ¤£,0,conservatives
783,ğŸ¥,0,libdems
784,ğŸ¥¹,2,labour
785,ğŸ’‚â€â™€ï¸,0,conservatives
786,ğŸŸ¦ğŸŸ¦ğŸŸ¦ğŸŸ¦ğŸŸ¦ğŸŸ¦ğŸŸ¦ğŸŸ¦ğŸŸ¦ğŸ”¹ğŸŸ¦ğŸŸ¦ğŸŸ¦ğŸŸ¦ğŸŸ¦ğŸ”·ğŸ”·ğŸ”¹ğŸ”·ğŸ”¹ğŸ”·ğŸŸ¦ğŸ”¹ğŸ”·ğŸ”·ğŸ”¹ğŸ”¹ğŸ”·ğŸŸ¦ğŸ”·ğŸ”¹ğŸ”¹ğŸ”¹ğŸ”·ğŸ”·ğŸ”¹ğŸŸ¦ğŸ‚ğŸ”¶ğŸ§¡ğŸ”¶ğŸ§¡,1,libdems
787,ğŸ¤¬ğŸ¤¬ğŸ¤¬ğŸ¤¬,0,conservatives
788,ğŸ˜‚,0,conservatives
789,ğŸ˜¡,0,conservatives
790,ğŸ¤·â€â™‚ï¸,0,conservatives
791,ğŸ¤£ğŸ‡¬ğŸ‡§,0,conservatives
792,ğŸ‘,2,conservatives
793,ğŸ”¥,0,libdems
794,ğŸ‘,1,labour
795,ğŸ´ó §ó ¢ó ³ó £ó ´ó ¿ğŸ‡¬ğŸ‡§ğŸ‡¬ğŸ‡§,2,conservatives
796,ğŸ˜¡,0,conservatives
797,ğŸ§,0,libdems
798,ğŸ˜,0,libdems
799,âœŒğŸ˜âœŒ,1,labour
800,ğŸ˜‰ğŸ˜‰,0,conservatives
801,ğŸ¤£ğŸ¤£ğŸ¤£ğŸ¤£ğŸ¤£,0,conservatives
802,ğŸ”ŸğŸ“ˆğŸ¦ ğŸ§¡ğŸ¥‡ğŸ—³ï¸,1,libdems
803,ğŸ˜,2,conservatives
804,ğŸ“¢,0,conservatives
805,ğŸ˜¡ğŸ˜¡ğŸ˜¡ğŸ˜¡ğŸ˜¡ğŸ˜¡ğŸ˜¡,0,conservatives
806,ğŸ‘ğŸ‘,2,labour
807,ğŸ¤·ğŸ»â€â™€ï¸,1,labour
808,ğŸŒ¹ğŸŒ¹ğŸŒ¹,2,labour
809,ğŸ™„,0,conservatives
810,ğŸ‘‡,1,conservatives
811,ğŸ£,1,conservatives
812,ğŸ’ğŸº,2,conservatives
813,ğŸ‘ğŸ‡«ğŸ‡´,2,conservatives
814,ğŸ˜,0,conservatives
815,ğŸ¤¬ğŸ¤¬ğŸ¤¬ğŸ¤¬ğŸ¤¬ğŸ¤¬ğŸ¤¬ğŸ¤¬ğŸ¤¬,0,conservatives
816,âœŒğŸ˜âœŒ,1,labour
817,ğŸ‘,1,conservatives
818,ğŸ¤¥,0,conservatives
819,ğŸ‘,0,conservatives
820,ğŸ¤¬,0,labour
821,ğŸ˜¡ğŸ‘¿ğŸ‘¿ğŸ‘¿,0,labour
822,ğŸ¤™ğŸ»ğŸ´ó §ó ¢ó ¥ó ®ó §ó ¿ğŸ‡¬ğŸ‡§ğŸ´ó §ó ¢ó ³ó £ó ´ó ¿,2,conservatives
823,ğŸ”¥ğŸ”¥ğŸ”¥,0,libdems
824,ğŸ‘,2,conservatives
825,ğŸ˜‚,0,conservatives
826,ğŸ˜‚,0,conservatives
827,ğŸ™„,0,conservatives
828,ğŸ†,0,labour
829,ğŸ˜¡,0,conservatives
830,ğŸ˜‚,0,conservatives
831,ğŸŒŸğŸ¼ğŸ’•,2,libdems
832,ğŸ˜¬ğŸ¤¥,0,labour
833,ğŸ¤£,0,labour
834,ğŸ˜±ğŸ˜,0,labour
835,ğŸ¤”,0,labour
836,ğŸ˜,0,libdems
837,ğŸ¥³ğŸ‰,2,libdems
838,ğŸ˜‚,0,labour
839,ğŸ’¦,0,conservatives
840,ğŸ¤£,0,labour
841,ğŸ¤”ğŸ¤”ğŸ¤”,0,libdems
842,ğŸ¥²,0,conservatives
843,ğŸ’™ğŸ¤ğŸ»ğŸ’›,2,conservatives
844,ğŸ˜„ğŸ´ó §ó ¢ó ¥ó ®ó §ó ¿,2,conservatives
845,ğŸ˜‚,0,conservatives
846,ğŸ¤”,0,conservatives
847,ğŸ’©,0,libdems
848,ğŸ˜¡,0,conservatives
849,ğŸ’™ğŸ’™ğŸ’™,0,conservatives
850,ğŸ˜,0,libdems
851,ğŸ™ˆ,0,labour
852,ğŸ„ğŸ‘ğŸ‡¬ğŸ‡§,2,conservatives
853,ğŸ˜¡,0,conservatives
854,ğŸ…,1,labour
855,â˜º,0,conservatives
856,ğŸ˜¡,0,conservatives
857,ğŸ’™ğŸ‡¬ğŸ‡§,1,conservatives
858,ğŸ™„ğŸ™„,0,conservatives
859,ğŸ¤£ğŸ¤£ğŸ¤£ğŸ¤£,0,labour
860,â¤ï¸,2,conservatives
861,ğŸ™ˆ,0,conservatives
862,ğŸ˜,0,labour
863,ğŸ˜¡,0,labour
864,ğŸ‘ğŸ‘,2,labour
865,ğŸ¥ƒğŸ‡¬ğŸ‡§,1,conservatives
866,ğŸ‰,2,labour
867,ğŸ†,2,labour
868,ğŸ˜¥,0,conservatives
869,ğŸ˜†,0,conservatives
870,ğŸ¤,0,labour
871,ğŸ˜¡ğŸ˜¡ğŸ˜¡,0,conservatives
872,ğŸ˜¡,0,conservatives
873,ğŸ˜‚,0,labour
874,ğŸ¦ƒ,0,labour
875,â–¶ï¸â–¶ï¸,1,libdems
876,ğŸ˜‚ğŸ¤£ğŸ˜‚,0,conservatives
877,ğŸ¤£ğŸ¤£ğŸ¤£,0,labour
878,ğŸ¤£ğŸ˜‚ğŸ¤£,1,conservatives
879,ğŸ˜¡,0,conservatives
880,ğŸ˜¡,0,conservatives
881,ğŸ˜‚ğŸ˜‚,0,libdems
882,ğŸ”¶ğŸŸ¡ğŸŸ¡ğŸŸ¡ğŸŸ¡ğŸŸ¡ğŸŸ¡,0,libdems
883,ğŸ‘,2,labour
884,ğŸ˜ˆ,0,conservatives
885,ğŸ¤ª,1,conservatives
886,ğŸ‰,2,labour
887,ğŸ’¡ğŸ™ˆğŸ«£ğŸ˜‘,0,conservatives
888,ğŸ¤¨,1,libdems
889,ğŸ§¡ğŸ”¶,1,libdems
890,ğŸ’ªğŸ¼,1,labour
891,ğŸ˜ˆ,0,labour
892,ğŸ¥¸,1,conservatives
893,ğŸ™‚,2,libdems
894,ğŸ¤¬ğŸ¤¬ğŸ¤¬,0,labour
895,ğŸ˜‚,0,conservatives
896,ğŸ¤«ğŸ‡¬ğŸ‡§ğŸ‡ªğŸ‡º,0,conservatives
897,ğŸ™„,0,conservatives
898,ğŸ¤”,1,conservatives
899,ğŸ¤”ğŸ¤”,0,labour
900,âœˆï¸,0,conservatives
901,ğŸ˜¡,0,conservatives
902,ğŸ¤·,0,conservatives
903,ğŸ‡¬ğŸ‡§ğŸ’§,1,conservatives
904,ğŸ¤¡ğŸ¤£ğŸ¤£ğŸ¤£ğŸ¤£,0,conservatives
905,ğŸ‘,2,conservatives
906,ğŸ™,0,conservatives
907,ğŸ˜€,1,conservatives
908,ğŸ™‚,2,libdems
909,ğŸ‘,2,labour
910,ğŸ™ˆğŸ˜¡ğŸ˜¡,0,conservatives
911,ğŸ´ó §ó ¢ó ¥ó ®ó §ó ¿,2,conservatives
912,ğŸ˜•,0,conservatives
913,ğŸ˜”ğŸ˜”ğŸ™„,0,labour
914,ğŸ˜‚ğŸ‘,0,labour
915,ğŸ™„,0,labour
916,ğŸ¤”,1,labour
917,ğŸ˜ŠğŸ‘,2,conservatives
918,ğŸ€,0,conservatives
919,âš¡,1,conservatives
920,â¬‡ï¸,1,libdems
921,ğŸ˜…,1,labour
922,ğŸ‘,2,conservatives
923,ğŸ¤·â€â™‚ï¸,0,conservatives
924,ğŸ‰ğŸ‰ğŸ‰,1,libdems
925,ğŸ˜¡,0,conservatives
926,ğŸ‘ğŸ»,2,labour
927,ğŸ¥²ğŸ˜ğŸ˜…ğŸ˜”,0,labour
928,ğŸ˜‰ğŸ‘,1,labour
929,ğŸ™‚ğŸ™‚ğŸ™‚,1,labour
930,ğŸ˜¡,0,conservatives
931,ğŸ˜¡,0,conservatives
932,ğŸ˜‚,0,libdems
933,ğŸ¥±ğŸ˜«,0,labour
934,ğŸ˜¡ğŸ˜¡,0,conservatives
935,ğŸ¤¡,0,libdems
936,ğŸ˜¡,0,conservatives
937,ğŸ¤”,1,conservatives
938,ğŸ‘ğŸ‘ğŸ‘ğŸ‘,1,conservatives
939,ğŸ™„ğŸ¤£,0,labour
940,ğŸ‡¬ğŸ‡§ğŸ‘ğŸ‘,2,conservatives
941,ğŸ˜¦,0,labour
942,ğŸ¤”,1,conservatives
943,ğŸ’ªğŸ’ªğŸ’ªğŸ¤,2,conservatives
944,â¤,1,conservatives
945,ğŸŒ¹,2,labour
946,ğŸ¤£,0,labour
947,ğŸš´ğŸ¾â€â™‚ï¸1ï¸âƒ£ğŸš…,1,libdems
948,ğŸ˜¢,0,labour
949,ğŸ¤”ğŸ¤”ğŸ¤”ğŸ¤”ğŸ¤”ğŸ¤”ğŸ¤”ğŸ˜,0,labour
950,ğŸ§,0,libdems
951,ğŸ‘ğŸ»ğŸ‘ğŸ»ğŸ‘ğŸ»ğŸ‘ğŸ»ğŸ‘ğŸ»ğŸ‘ğŸ»,0,conservatives
952,ğŸ€,2,labour
953,ğŸ˜¡ğŸ’©ğŸ’©,0,conservatives
954,ğŸ’°,0,conservatives
955,ğŸ¤”ğŸ˜©,0,labour
956,ğŸ¤¬ğŸ¤¬ğŸ¤¬,0,conservatives
957,ğŸ™ˆ,0,conservatives
958,ğŸ’¯,0,labour
959,ğŸ‘‡âœ”ï¸âœ”ï¸âœ”ï¸âœ”ï¸âœ”ï¸âœ”ï¸,0,labour
960,ğŸŸ¡ğŸŸ¡ğŸŸ¡,2,libdems
961,ğŸ¤¡ğŸ¤¡ğŸ¤¡ğŸ¤¡,0,libdems
962,ğŸ¤”,0,labour
963,ğŸ¤”ğŸ¤”ğŸ¤”,0,conservatives
964,ğŸ¤£,0,conservatives
965,ğŸ§ŒğŸ§Œ,1,libdems
966,ğŸ‘ğŸ»,0,conservatives
967,ğŸ’¦,0,conservatives
968,ğŸ™Œ,2,conservatives
969,ğŸ¤£,0,labour
970,â¤ï¸ğŸŒ¹,2,labour
971,ğŸ™„,0,libdems
972,âš½ğŸ‘,2,labour
973,ğŸ¤”,1,libdems
974,ğŸ¤”ğŸ˜¡ğŸ˜³,0,conservatives
975,ğŸ˜‰ğŸ˜‰,1,conservatives
976,ğŸ‡¬ğŸ‡§â¤ï¸,2,labour
977,ğŸ¤¨,0,conservatives
978,ğŸ‘ğŸ‡¬ğŸ‡§,0,conservatives
979,ğŸ‡¬ğŸ‡§ğŸ‡¬ğŸ‡§ğŸ’›,1,libdems
980,ğŸ‡¬ğŸ‡§ğŸ’›ğŸ§,0,libdems
981,ğŸ¤¨,0,libdems
982,ğŸ¤£ğŸ¤£ğŸ¤£,0,libdems
983,ğŸ˜,0,libdems
984,ğŸ¤£ğŸ¤£ğŸ¤£ğŸ¤£ğŸ¤£ğŸ¤¡ğŸ¤¡ğŸ¤¡ğŸ¤¡,0,labour
985,ğŸ˜¡,0,conservatives
986,ğŸ’”,1,conservatives
987,ğŸ”¥ğŸ˜,2,conservatives
988,ğŸ¤”,0,conservatives
989,ğŸ˜¡,0,conservatives
990,ğŸ¤¦â€â™‚ï¸,0,conservatives
991,ğŸ¤£,1,labour
992,ğŸ˜‰ğŸ˜‰,1,conservatives
993,ğŸ¤ª,0,labour
994,ğŸ˜‚,0,conservatives
995,âœŒï¸,0,conservatives
996,ğŸ‘ğŸ¼ğŸ™ğŸ¼,1,labour
997,ğŸ‡«ğŸ‡·ğŸ‡«ğŸ‡·ğŸ‡«ğŸ‡·ğŸ˜ğŸ˜ğŸ‰ğŸ¥‡ğŸ‘ğŸ‘ğŸ‘ğŸ‘ğŸ‰ğŸ‰ğŸ˜ğŸ‘‹ğŸ‘‹ğŸ˜ğŸ˜‚,0,conservatives
998,ğŸ˜‚ğŸ˜‚,1,conservatives
999,ğŸ‘,1,conservatives
1000,ğŸ¤”ğŸ˜†,1,libdems
1001,ğŸ‘,1,labour
1002,ğŸ¤¬ğŸ¤¬ğŸ¤¬,0,conservatives
1003,ğŸ‘ğŸ‘,2,labour
1004,ğŸ˜¡,0,conservatives
1005,ğŸ«£,0,libdems
1006,ğŸ™ğŸ™ğŸ™ğŸ™ğŸ™,2,labour
1007,ğŸ¤¬,0,conservatives
1008,ğŸ˜³ğŸ˜³ğŸ¤”,0,labour
1009,ğŸ˜ŸğŸ˜…ğŸ¤©ğŸ˜Š,1,labour
1010,ğŸ˜‚,0,conservatives
1011,ğŸ™„,0,labour
1012,ğŸ¤ğŸ¤,0,libdems
1013,ğŸ‘ğŸ‘ğŸ‘,2,labour
1014,ğŸ§Œ,2,libdems
1015,ğŸ¤£,1,labour
1016,ğŸ‘ğŸ‘ğŸ‘,1,labour
1017,ğŸ‘,2,labour
1018,â¤ï¸ğŸ™,1,conservatives
1019,ğŸ‘,0,labour
1020,ğŸ”´,1,labour
1021,ğŸ™,1,conservatives
1022,ğŸ¤¦ğŸ»â€â™‚ï¸,0,conservatives
1023,ğŸ¤£ğŸ¤£,0,conservatives
1024,ğŸ¤£ğŸ¤£ğŸ˜Š,1,labour
1025,ğŸ´ó §ó ¢ó ¥ó ®ó §ó ¿,2,conservatives
1026,ğŸ™„,0,conservatives
1027,ğŸ™ğŸ½â¤ï¸ğŸ’,2,conservatives
1028,ğŸ˜’,0,labour
1029,ğŸ¤£ğŸ¤£ğŸ¤£ğŸ¤£ğŸ¤£ğŸ¤£,0,labour
1030,ğŸ™‚,2,conservatives
1031,ğŸ™„,0,conservatives
1032,ğŸ˜‰ğŸ˜‰,0,conservatives
1033,ğŸ˜…ğŸ˜…ğŸ˜…,0,conservatives
1034,ğŸ°ğŸ†ğŸ‡âœ¨ğŸˆğŸ‹ğŸğŸğŸğŸğŸ‘ğŸ§§,2,libdems
1035,ğŸ¤¬,0,conservatives
1036,ğŸ˜¥,0,labour
1037,ğŸ˜¡,0,conservatives
1038,ğŸ´ó §ó ¢ó ¥ó ®ó §ó ¿ğŸ¤ğŸ‡­ğŸ‡·,2,conservatives
1039,ğŸ¤ª,0,conservatives
1040,ğŸ˜¡,0,conservatives
1041,ğŸ‘ğŸ¼,0,labour
1042,ğŸ¤”ğŸ˜‰,1,conservatives
1043,ğŸ™„,0,conservatives
1044,ğŸ˜,1,conservatives
1045,ğŸ•³,0,libdems
1046,ğŸ˜‰,0,labour
1047,ğŸ¤£ğŸ¤£ğŸ¤£ğŸ¤£,0,labour
1048,ğŸ’°,0,conservatives
1049,ğŸ¤”,0,conservatives
1050,âœŒğŸ’ªâœŒ,1,labour
1051,ğŸ‡¬ğŸ‡§ğŸ‡¬ğŸ‡§ğŸ™ğŸ™,2,conservatives
1052,ğŸ˜‚ğŸ˜‚ğŸ˜‚,2,labour
1053,ğŸ¤·â€â™€ï¸,1,labour
1054,ğŸ¤£ğŸ¤£ğŸ¤£ğŸ¤£,0,labour
1055,ğŸ˜¡,0,libdems
1056,ğŸ‘,2,labour
1057,âš½,2,conservatives
1058,ğŸ‘,2,conservatives
1059,ğŸ˜µâ€ğŸ’«,0,labour
1060,â˜˜ï¸ğŸŒğŸŒˆğŸ„ğŸ’–ğŸ‡ºğŸ‡³ğŸ‡ªğŸ‡º,2,labour
1061,ğŸ˜‚,0,conservatives
1062,ğŸ‘ğŸ‘,2,conservatives
1063,ğŸ’“ğŸ’“,2,conservatives
1064,ğŸ˜‚ğŸ˜‚,0,labour
1065,ğŸ¥¶ğŸ¥¶,0,labour
1066,ğŸ™„,0,labour
1067,âŒâŒâŒâŒ,0,labour
1068,ğŸ‘,0,labour
1069,ğŸ˜€,1,libdems
1070,ğŸ™‚,2,labour
1071,ğŸ¤”,0,conservatives
1072,âœŒğŸ»âœŒğŸ»âœŒğŸ»,0,conservatives
1073,ğŸŒ¹ğŸŒ¹,1,labour
1074,ğŸ˜¡,0,conservatives
1075,ğŸ‘ğŸ»,2,libdems
1076,ğŸ¤¢ğŸ‘,0,labour
1077,ğŸ¤£ğŸ˜¢,0,conservatives
1078,ğŸ™„,0,conservatives
1079,âœŠğŸ»ğŸŒ¹,2,labour
1080,ğŸ˜‚ğŸ˜¬,0,conservatives
1081,ğŸ˜‰,2,conservatives
1082,ğŸ˜¡,0,libdems
1083,â¤ï¸ğŸ™,2,conservatives
1084,âœï¸ğŸ„,2,conservatives
1085,ğŸ˜¡ğŸ˜¡ğŸ˜¡ğŸ˜¡ğŸ˜¡ğŸ˜¡,0,conservatives
1086,ğŸ˜‚ğŸ˜‚ğŸ˜‚ğŸ˜‚,1,labour
1087,ğŸ¤¬,0,labour
1088,ğŸ˜¡,0,labour
1089,ğŸ˜‚ğŸ˜‚ğŸ¤£,0,labour
1090,ğŸ‘,0,conservatives
1091,ğŸ¤¡ğŸ¤¡ğŸ¤¡ğŸ¤¡ğŸ¤¡,0,libdems
1092,ğŸ¤¬,0,conservatives
1093,ğŸ‘,0,conservatives
1094,â¤ï¸â¤ï¸,2,conservatives
1095,ğŸ¤£ğŸ¤£ğŸ¤£ğŸ¤£ğŸ¤£ğŸ¤£ğŸ¤£,0,labour
1096,ğŸ¤«,0,libdems
1097,ğŸ¤·â€â™€ï¸,0,labour
1098,ğŸ˜‚,0,labour
1099,ğŸ˜‰,0,labour
1100,ğŸ˜‚,1,libdems
1101,ğŸ—³ï¸,2,conservatives
1102,ğŸ¤·ğŸ»ğŸ¤”ğŸ¤·ğŸ»,0,labour
1103,ğŸ˜‚ğŸ˜†ğŸ˜†ğŸ˜†ğŸ˜†,0,conservatives
1104,ğŸ˜‚ğŸ˜‚ğŸ˜‚ğŸ˜‚,0,conservatives
1105,ğŸ¥³ğŸ”¥ğŸ˜³,0,libdems
1106,ğŸ‡¬ğŸ‡§ğŸ‡¬ğŸ‡§ğŸ‡¬ğŸ‡§ğŸ‡¬ğŸ‡§ğŸ‡¬ğŸ‡§ğŸ‡¬ğŸ‡§ğŸ´ó §ó ¢ó ¥ó ®ó §ó ¿ğŸ´ó §ó ¢ó ¥ó ®ó §ó ¿ğŸ´ó §ó ¢ó ¥ó ®ó §ó ¿ğŸ´ó §ó ¢ó ¥ó ®ó §ó ¿ğŸ´ó §ó ¢ó ¥ó ®ó §ó ¿ğŸ´ó §ó ¢ó ¥ó ®ó §ó ¿ğŸ´ó §ó ¢ó ¥ó ®ó §ó ¿,2,conservatives
1107,ğŸ˜”,0,conservatives
1108,ğŸ˜³ğŸ˜³ğŸ¤”,0,labour
1109,ğŸ‘ğŸ¼,2,libdems
1110,ğŸ¤¬,0,conservatives
1111,âš½ğŸ¦ğŸ¤ğŸ»â£ğŸ€,2,conservatives
1112,ğŸ¤£,0,libdems
1113,ğŸ¤£ğŸ¤£ğŸ¤£,1,labour
1114,ğŸ§Œ,0,libdems
1115,ğŸ‘†,1,labour
1116,ğŸ˜¡,0,conservatives
1117,ğŸ¤¥,0,labour
1118,ğŸ˜®,1,conservatives
1119,ğŸ¥±,0,labour
1120,ğŸ¤¦â€â™‚ï¸,0,libdems
1121,ğŸ˜‚ğŸ˜‚ğŸ˜‚ğŸ˜‚ğŸ˜‚ğŸ¤”,0,conservatives
1122,âœŠâœŠâœŠ,1,labour
1123,ğŸ˜‚ğŸ˜‚ğŸ˜‚,0,conservatives
1124,ğŸ‘ğŸ‘ğŸ‘ğŸ‘,2,conservatives
1125,ğŸ˜¡,0,labour
1126,ğŸ˜ ,0,conservatives
1127,ğŸŒ²,1,libdems
1128,ğŸ¤”,1,conservatives
1129,ğŸ””,0,conservatives
1130,ğŸ¤¦â€â™‚ï¸,0,conservatives
1131,ğŸ¤¡ğŸ¤¡ğŸ¤¡ğŸ¤¡ğŸ¤¡,0,libdems
1132,âœ…,2,conservatives
1133,ğŸ‘ğŸ‘ğŸ‘ğŸ‘ğŸ‘ğŸ‘ğŸ‘,2,conservatives
1134,ğŸ¤£,0,labour
1135,ğŸ˜¡ğŸ˜¡ğŸ¤¬,0,labour
1136,ğŸ‘,2,labour
1137,âš½âš½ğŸ¤‘ğŸ¤‘,1,conservatives
1138,â¤ï¸ğŸ‘¼ğŸ™ğŸ»,2,conservatives
1139,ğŸ¤”,0,libdems
1140,ğŸ¤”,0,labour
1141,ğŸ‘ğŸ‘ğŸ‘,0,conservatives
1142,âœŒï¸,2,labour
1143,ğŸ´ó §ó ¢ó ¥ó ®ó §ó ¿ğŸ˜ğŸ˜ƒâ¤ğŸ‘ğŸ‘ŒğŸ‘,2,conservatives
1144,ğŸ¤£ğŸ¤”ğŸ¤¯,0,conservatives
1145,ğŸ¤”,0,labour
1146,ğŸ˜€,1,conservatives
1147,âŒâŒâŒâŒâŒ,0,libdems
1148,ğŸ‘Š,1,libdems
1149,ğŸ˜‚,1,labour
1150,ğŸ˜¡,0,conservatives
1151,ğŸ§Œ,0,libdems
1152,ğŸ¤”,1,conservatives
1153,ğŸ’©,0,libdems
1154,ğŸ´ó §ó ¢ó ¥ó ®ó §ó ¿ğŸ˜,1,labour
1155,â¤,1,labour
1156,ğŸ¤£ğŸ¤£ğŸ¤£ğŸ¤£,0,labour
1157,ğŸ˜¥,0,labour
1158,ğŸ™ƒ,1,conservatives
1159,ğŸ˜€,2,labour
1160,ğŸ˜³,1,libdems
1161,ğŸ¤£ğŸ˜‚ğŸ¤£ğŸ˜‚,0,labour
1162,âœ¡ï¸ğŸ•¯ï¸,1,conservatives
